,bs,auc
0,0,0.9784576549881014
1,1,0.9718671679752124
2,2,0.9745617014662458
3,3,0.9732641386570547
4,4,0.9744234830868808
